{"initial_reset_timestamp": 1541134219.8359323, "timestamps": [1541134220.4977167, 1541134221.130893, 1541134221.2200518, 1541134221.2276275, 1541134221.238761, 1541134221.246912, 1541134221.2584577, 1541134221.2658653, 1541134221.7977839, 1541134221.8847616, 1541134221.8933291, 1541134221.9029825, 1541134221.9130876, 1541134221.9178371, 1541134221.9245355, 1541134221.9317482, 1541134221.9423027, 1541134221.9510722, 1541134221.9572678, 1541134221.9631479, 1541134221.9682753, 1541134221.9746068, 1541134221.9844618, 1541134221.9940646, 1541134222.009603, 1541134222.0174966, 1541134222.0280247, 1541134222.7829149, 1541134222.8836634, 1541134222.890619, 1541134222.8983936, 1541134222.9079475, 1541134222.9157205, 1541134222.9302728, 1541134222.9388316, 1541134222.9445965, 1541134222.9513288, 1541134222.9606829, 1541134222.9677649, 1541134222.974744, 1541134222.9853034, 1541134222.9958277, 1541134223.0080502, 1541134223.0159798, 1541134223.0249534, 1541134223.0337317, 1541134223.0400944, 1541134223.0490947, 1541134223.0579667, 1541134223.0666845, 1541134223.078993, 1541134223.0860996, 1541134223.0944352, 1541134223.103412, 1541134223.111947, 1541134223.118474, 1541134223.1281734, 1541134223.134878, 1541134223.1432807, 1541134223.1490731, 1541134223.1553576, 1541134223.1677155, 1541134223.1773458, 1541134223.1844733], "episode_lengths": [14, 14, 22, 13, 20, 16, 22, 14, 13, 11, 17, 22, 22, 12, 16, 14, 20, 17, 12, 12, 11, 14, 19, 15, 24, 12, 14, 19, 16, 14, 12, 14, 12, 23, 13, 11, 14, 16, 13, 13, 20, 19, 19, 13, 14, 14, 12, 14, 14, 14, 23, 13, 14, 17, 15, 12, 18, 13, 15, 11, 12, 24, 19, 14], "episode_rewards": [14.0, 14.0, 22.0, 13.0, 20.0, 16.0, 22.0, 14.0, 13.0, 11.0, 17.0, 22.0, 22.0, 12.0, 16.0, 14.0, 20.0, 17.0, 12.0, 12.0, 11.0, 14.0, 19.0, 15.0, 24.0, 12.0, 14.0, 19.0, 16.0, 14.0, 12.0, 14.0, 12.0, 23.0, 13.0, 11.0, 14.0, 16.0, 13.0, 13.0, 20.0, 19.0, 19.0, 13.0, 14.0, 14.0, 12.0, 14.0, 14.0, 14.0, 23.0, 13.0, 14.0, 17.0, 15.0, 12.0, 18.0, 13.0, 15.0, 11.0, 12.0, 24.0, 19.0, 14.0], "episode_types": ["t", "t", "t", "t", "t", "t", "t", "t", "t", "t", "t", "t", "t", "t", "t", "t", "t", "t", "t", "t", "t", "t", "t", "t", "t", "t", "t", "t", "t", "t", "t", "t", "t", "t", "t", "t", "t", "t", "t", "t", "t", "t", "t", "t", "t", "t", "t", "t", "t", "t", "t", "t", "t", "t", "t", "t", "t", "t", "t", "t", "t", "t", "t", "t", "t"]}