{"initial_reset_timestamp": 1540179030.4356794, "timestamps": [1540179037.457863, 1540179044.309379, 1540179044.443628, 1540179044.4724557, 1540179044.5003507, 1540179044.5277739, 1540179044.555086, 1540179044.5835726, 1540179051.3370283, 1540179051.4719567, 1540179051.4997473, 1540179051.5270867, 1540179051.5547807, 1540179051.5835211, 1540179051.6110935, 1540179051.6385171, 1540179051.666255, 1540179051.6944392, 1540179051.7219408, 1540179051.7492614, 1540179051.7783382, 1540179051.8061547, 1540179051.8333478, 1540179051.8608267, 1540179051.8894863, 1540179051.9168532, 1540179051.9440205, 1540179058.7037604, 1540179058.8371198, 1540179058.8653748, 1540179058.8937447, 1540179058.921448, 1540179058.948667, 1540179058.977159, 1540179059.0054245, 1540179059.0330787, 1540179059.0605872, 1540179059.088809, 1540179059.1169562, 1540179059.1443505, 1540179059.172436, 1540179059.2008383, 1540179059.2281585, 1540179059.2556472, 1540179059.2838614, 1540179059.3119795, 1540179059.3393223, 1540179059.3674512, 1540179059.3951435, 1540179059.4229627, 1540179059.4504015, 1540179059.4786968, 1540179059.5065033, 1540179059.5341315, 1540179059.5615401, 1540179059.589977, 1540179059.6176531, 1540179059.6451886, 1540179059.673666, 1540179059.7016616, 1540179059.7290924, 1540179059.7569284, 1540179059.785264, 1540179059.81302, 1540179066.569955, 1540179066.6985059, 1540179066.7260265, 1540179066.7534733, 1540179066.7827234, 1540179066.810595, 1540179066.8380036, 1540179066.8660703, 1540179066.893905, 1540179066.9217227, 1540179066.9497528, 1540179066.978277, 1540179067.0063043, 1540179067.0338364, 1540179067.0613873, 1540179067.089761, 1540179067.1176593, 1540179067.1451738, 1540179067.1733387, 1540179067.2014484, 1540179067.2287614, 1540179067.256501, 1540179067.284856, 1540179067.3125927, 1540179067.3400521, 1540179067.36813, 1540179067.3972116, 1540179067.4249282, 1540179067.4524379, 1540179067.4811208, 1540179067.508953, 1540179067.5366127, 1540179067.56424, 1540179067.5936234, 1540179067.6211243, 1540179067.6486554], "episode_lengths": [200, 200, 200, 200, 200, 200, 200, 200, 200, 200, 200, 200, 200, 200, 200, 200, 200, 200, 200, 200, 200, 200, 200, 200, 200, 200, 200, 200, 200, 200, 200, 200, 200, 200, 200, 200, 200, 200, 200, 200, 200, 200, 200, 200, 200, 200, 200, 200, 200, 200, 200, 200, 200, 200, 200, 200, 200, 200, 200, 200, 200, 200, 200, 200, 200, 200, 200, 200, 200, 200, 200, 200, 200, 200, 200, 200, 200, 200, 200, 200, 200, 200, 200, 200, 200, 200, 200, 200, 200, 200, 200, 200, 200, 200, 200, 200, 200, 200, 200, 200], "episode_rewards": [200.0, 200.0, 200.0, 200.0, 200.0, 200.0, 200.0, 200.0, 200.0, 200.0, 200.0, 200.0, 200.0, 200.0, 200.0, 200.0, 200.0, 200.0, 200.0, 200.0, 200.0, 200.0, 200.0, 200.0, 200.0, 200.0, 200.0, 200.0, 200.0, 200.0, 200.0, 200.0, 200.0, 200.0, 200.0, 200.0, 200.0, 200.0, 200.0, 200.0, 200.0, 200.0, 200.0, 200.0, 200.0, 200.0, 200.0, 200.0, 200.0, 200.0, 200.0, 200.0, 200.0, 200.0, 200.0, 200.0, 200.0, 200.0, 200.0, 200.0, 200.0, 200.0, 200.0, 200.0, 200.0, 200.0, 200.0, 200.0, 200.0, 200.0, 200.0, 200.0, 200.0, 200.0, 200.0, 200.0, 200.0, 200.0, 200.0, 200.0, 200.0, 200.0, 200.0, 200.0, 200.0, 200.0, 200.0, 200.0, 200.0, 200.0, 200.0, 200.0, 200.0, 200.0, 200.0, 200.0, 200.0, 200.0, 200.0, 200.0], "episode_types": ["t", "t", "t", "t", "t", "t", "t", "t", "t", "t", "t", "t", "t", "t", "t", "t", "t", "t", "t", "t", "t", "t", "t", "t", "t", "t", "t", "t", "t", "t", "t", "t", "t", "t", "t", "t", "t", "t", "t", "t", "t", "t", "t", "t", "t", "t", "t", "t", "t", "t", "t", "t", "t", "t", "t", "t", "t", "t", "t", "t", "t", "t", "t", "t", "t", "t", "t", "t", "t", "t", "t", "t", "t", "t", "t", "t", "t", "t", "t", "t", "t", "t", "t", "t", "t", "t", "t", "t", "t", "t", "t", "t", "t", "t", "t", "t", "t", "t", "t", "t"]}